{
  "builtin_entity_scope": [
    "snips/datetime",
    "snips/city"
  ],
  "config": {
    "unit_name": "tfidf_vectorizer",
    "use_stemming": false,
    "word_clusters_name": null
  },
  "language_code": "en",
  "vectorizer": {
    "idf_diag": [
      5.844187086458591,
      5.151039905898646,
      5.151039905898646,
      4.745574797790482,
      5.55650501400681,
      5.151039905898646,
      5.844187086458591,
      3.477063472326974,
      3.7239235502585,
      5.151039905898646,
      5.55650501400681,
      4.052427617230537,
      3.2292273084223932,
      3.94706710157271,
      2.9915556565452732,
      3.8982769374032777,
      1.9523667883479647,
      5.151039905898646,
      5.844187086458591,
      5.55650501400681,
      4.863357833446865,
      4.745574797790482,
      5.151039905898646,
      4.377850017665164,
      4.109586031070485,
      5.151039905898646,
      4.863357833446865,
      4.54490410232833,
      5.151039905898646,
      5.844187086458591,
      5.333361462692601,
      2.536080127862448,
      5.844187086458591,
      4.17021065288692,
      4.234749174024491,
      3.2539199210127645,
      5.333361462692601,
      2.4768912564721175,
      4.377850017665164,
      3.8982769374032777,
      4.303742045511442,
      3.8982769374032777,
      5.333361462692601,
      5.151039905898646,
      5.844187086458591,
      4.54490410232833,
      4.109586031070485,
      4.377850017665164,
      3.8982769374032777,
      5.151039905898646,
      3.2792377289970545,
      5.151039905898646,
      5.333361462692601,
      4.109586031070485,
      5.844187086458591,
      6.249652194566756,
      4.996889226071388,
      4.863357833446865,
      3.6847028371052186,
      5.55650501400681,
      3.5755035451402266,
      4.996889226071388,
      3.1141579786376057,
      4.863357833446865,
      3.8982769374032777,
      4.109586031070485,
      3.508812170641555,
      5.55650501400681,
      4.863357833446865,
      4.640214282132655,
      6.249652194566756,
      4.863357833446865
    ],
    "vocab": {
      "80s": 0,
      "again": 1,
      "android": 2,
      "artist": 3,
      "baby": 4,
      "be": 5,
      "builtinentityfeaturesnipsdate": 6,
      "builtinentityfeaturesnipsdatetime": 7,
      "by": 8,
      "desktop": 9,
      "does": 10,
      "down": 11,
      "entityfeatureartist_name": 12,
      "entityfeatureattribute": 13,
      "entityfeaturedevice_name": 14,
      "entityfeatureplaylist_name": 15,
      "entityfeaturetrack_name": 16,
      "from": 17,
      "global": 18,
      "happy": 19,
      "hits": 20,
      "how": 21,
      "iphone": 22,
      "is": 23,
      "it": 24,
      "jump": 25,
      "last": 26,
      "loop": 27,
      "lower": 28,
      "mostly": 29,
      "much": 30,
      "music": 31,
      "nasa": 32,
      "next": 33,
      "of": 34,
      "on": 35,
      "pause": 36,
      "play": 37,
      "playing": 38,
      "playlist": 39,
      "previous": 40,
      "queue": 41,
      "radio": 42,
      "raise": 43,
      "rapcaviar": 44,
      "repeat": 45,
      "resume": 46,
      "room": 47,
      "shuffle": 48,
      "skip": 49,
      "song": 50,
      "songs": 51,
      "start": 52,
      "stop": 53,
      "sunny": 54,
      "swish": 55,
      "switch": 56,
      "this": 57,
      "to": 58,
      "today": 59,
      "toggle": 60,
      "top": 61,
      "track": 62,
      "transfer": 63,
      "turn": 64,
      "up": 65,
      "volume": 66,
      "weather": 67,
      "what": 68,
      "will": 69,
      "wish": 70,
      "x": 71
    }
  }
}